Model,fold,Point,n_points,mean_err_px,median_err_px,std_err_px
BAMNet,aortic_ring_v4_fold_01,AA1,243,8.129767503245628,5.82394436676703,6.981241902726491
BAMNet,aortic_ring_v4_fold_01,AA2,243,12.911500937097827,12.147672531868809,7.472574466912231
BAMNet,aortic_ring_v4_fold_01,STJ1,243,9.534316678779058,7.464600014167246,6.8210957793776155
BAMNet,aortic_ring_v4_fold_01,STJ2,243,10.635864498739211,7.65166699784749,10.361782525088524
BAMNet,aortic_ring_v4_fold_02,AA1,250,6.8130765058570795,5.390674906364319,5.262725269950808
BAMNet,aortic_ring_v4_fold_02,AA2,250,11.426400082907534,9.178300366265443,8.222093437463865
BAMNet,aortic_ring_v4_fold_02,STJ1,250,9.16056193410593,7.572952699367169,6.260530220803592
BAMNet,aortic_ring_v4_fold_02,STJ2,250,12.265316304071312,9.313228676762172,10.477811112881247
BAMNet,aortic_ring_v4_fold_03,AA1,244,8.779478184255376,6.176441567280681,8.101565365638395
BAMNet,aortic_ring_v4_fold_03,AA2,244,11.88193118399775,10.324364135498467,8.216707430967883
BAMNet,aortic_ring_v4_fold_03,STJ1,244,10.206580887476221,7.681363808730909,9.773657260073035
BAMNet,aortic_ring_v4_fold_03,STJ2,244,8.769135449423164,7.207820123855342,6.5760426556696645
BAMNet,aortic_ring_v4_fold_04,AA1,249,8.238170095148925,6.427315385054022,8.442216933642417
BAMNet,aortic_ring_v4_fold_04,AA2,249,11.862624111652961,9.470530019774658,8.980769976593548
BAMNet,aortic_ring_v4_fold_04,STJ1,249,11.204547734217856,7.768418656751573,10.141413188418461
BAMNet,aortic_ring_v4_fold_04,STJ2,249,8.890283677194057,6.93134978307706,6.367957250586733
BAMNet,aortic_ring_v4_fold_05,AA1,248,7.834306366277851,5.763133614104952,9.490145216281253
BAMNet,aortic_ring_v4_fold_05,AA2,248,11.380271821487584,8.628303985264909,10.119796016395748
BAMNet,aortic_ring_v4_fold_05,STJ1,250,10.886817074174763,7.81321381653562,11.31680589009972
BAMNet,aortic_ring_v4_fold_05,STJ2,250,9.555298698128729,7.556236525876831,7.595863689848051
