Model,Point,mean_err_px_mean,mean_err_px_std,median_err_px_mean,median_err_px_std,std_err_px_mean,std_err_px_std
BAMNet,AA1,7.9589597309569715,0.7261148465705648,5.916301967914201,0.3990869587531417,7.6555789376478725,1.609644042410514
BAMNet,AA2,11.892545627428731,0.6162373746270392,9.949834207734458,1.3731537666857232,8.602388265666654,1.0019421245267013
BAMNet,STJ1,10.198564861750766,0.8666649627527009,7.660109799110503,0.14269181630737998,8.862700467754484,2.2038047566176515
BAMNet,STJ2,10.023179725511294,1.455811820491315,7.732060421483778,0.9291710838760712,8.275891446814843,2.011934912364919
